animal,count,weight,flea
dog,5,7.897672775980271,0
dog,11,13.760078146063405,1
dog,10,12.647161326647058,1
dog,17,18.709436585842983,1
dog,7,9.566098534169456,1
dog,2,2.5010181715627144,0
dog,4,2.8976111970382954,0
