animal,count,weight,flea
dog,5,7.897672775980271,0
dog,11,13.760078146063405,1
dog,10,12.647161326647058,1
dog,17,18.709436585842983,1
dog,7,9.566098534169456,1
dog,2,2.5010181715627144,0
dog,4,2.8976111970382954,0
cat,2,3.945564604370358,0
cat,5,5.086295810198941,0
cat,14,14.999133216865742,1
cat,18,20.63279766462846,1
cat,3,4.168084617658094,0
cat,4,1.2197193563260664,0
cat,2,0.5683369885916725,0
cat,6,7.283680690592005,1
